Title,Video ID,Statistics
"The Golden Play Button, Clearly Explained!!!â€™",rC9vw2dSpQo,"{'viewCount': '13514', 'likeCount': '1659', 'favoriteCount': '0', 'commentCount': '442'}"
Another 3 lessons from my Pop!!!,Ka04Dj7DxGk,"{'viewCount': '8719', 'likeCount': '301', 'favoriteCount': '0', 'commentCount': '50'}"
"Decoder-Only Transformers, ChatGPTs specific Transformer, Clearly Explained!!!",bQ5BoolX9Ag,"{'viewCount': '32424', 'likeCount': '1006', 'favoriteCount': '0', 'commentCount': '144'}"
"Transformer Neural Networks, ChatGPT's foundation, Clearly Explained!!!",zxQyTK8quyY,"{'viewCount': '195891', 'likeCount': '6149', 'favoriteCount': '0', 'commentCount': '658'}"
What is a Logit?,8ZcccMzTz7Y,"{'viewCount': '10557', 'likeCount': '382', 'favoriteCount': '0', 'commentCount': '26'}"
Logistic vs Logit Functions,YaQEUgIr4Mk,"{'viewCount': '6556', 'likeCount': '272', 'favoriteCount': '0', 'commentCount': '20'}"
"Attention for Neural Networks, Clearly Explained!!!",PSs6nxngL6k,"{'viewCount': '112959', 'likeCount': '2848', 'favoriteCount': '0', 'commentCount': '314'}"
Likelihood vs Probability,953NHzFtGHc,"{'viewCount': '14415', 'likeCount': '1033', 'favoriteCount': '0', 'commentCount': '35'}"
p-values,02zO75hHpZQ,"{'viewCount': '3983', 'likeCount': '196', 'favoriteCount': '0', 'commentCount': '14'}"
"Sequence-to-Sequence (seq2seq) Encoder-Decoder Neural Networks, Clearly Explained!!!",L8HKweZIOmg,"{'viewCount': '68340', 'likeCount': '1690', 'favoriteCount': '0', 'commentCount': '200'}"
Matrix Multiplication,y8xRw76i1qY,"{'viewCount': '6985', 'likeCount': '255', 'favoriteCount': '0', 'commentCount': '10'}"
Matrix Notation,LS6VX7noVWY,"{'viewCount': '3500', 'likeCount': '170', 'favoriteCount': '0', 'commentCount': '12'}"
The Ukulele: Clearly Explained!!!,ZYDN25N5WhQ,"{'viewCount': '13301', 'likeCount': '461', 'favoriteCount': '0', 'commentCount': '100'}"
PCA Eigenvalues,ccjrsxXmfnw,"{'viewCount': '9345', 'likeCount': '425', 'favoriteCount': '0', 'commentCount': '23'}"
PCA Eigenvectors,bv9agba7blc,"{'viewCount': '5852', 'likeCount': '305', 'favoriteCount': '0', 'commentCount': '6'}"
Normalized Data,oZ9SrkF_-LE,"{'viewCount': '3888', 'likeCount': '201', 'favoriteCount': '0', 'commentCount': '6'}"
Standardized Data,A88rDEf-pfk,"{'viewCount': '3697', 'likeCount': '207', 'favoriteCount': '0', 'commentCount': '12'}"
Type 2 Errors,qioNUZGVH1A,"{'viewCount': '2934', 'likeCount': '179', 'favoriteCount': '0', 'commentCount': '12'}"
Type 1 Errors,P4aYC1kS4d0,"{'viewCount': '4294', 'likeCount': '195', 'favoriteCount': '0', 'commentCount': '10'}"
"Word Embedding and Word2Vec, Clearly Explained!!!",viZrOnJclY0,"{'viewCount': '106712', 'likeCount': '3164', 'favoriteCount': '0', 'commentCount': '294'}"
"The AI Buzz, Episode #5: A new wave of AI-based products and the resurgence of personal applications",yOJmPkyyZ18,"{'viewCount': '7915', 'likeCount': '138', 'favoriteCount': '0', 'commentCount': '15'}"
CatBoost Part 2: Building and Using Trees,3Bg2XRFOTzg,"{'viewCount': '10026', 'likeCount': '217', 'favoriteCount': '0', 'commentCount': '63'}"
CatBoost Part 1: Ordered Target Encoding,KXOTSkPL2X4,"{'viewCount': '16394', 'likeCount': '369', 'favoriteCount': '0', 'commentCount': '81'}"
"The AI Buzz, Episode #4: ChatGPT + Bing and How to start an AI company in 3 easy steps.",tc4LGTVRXV8,"{'viewCount': '6313', 'likeCount': '155', 'favoriteCount': '0', 'commentCount': '23'}"
"One-Hot, Label, Target and K-Fold Target Encoding, Clearly Explained!!!",589nCGeWG1w,"{'viewCount': '23675', 'likeCount': '912', 'favoriteCount': '0', 'commentCount': '121'}"
"The AI Buzz, Episode #3: Constitutional AI, Emergent Abilities and Foundation Models",5GqtRXY-80k,"{'viewCount': '4541', 'likeCount': '101', 'favoriteCount': '0', 'commentCount': '9'}"
"Mutual Information, Clearly Explained!!!",eJIp_mgVLwE,"{'viewCount': '42070', 'likeCount': '1251', 'favoriteCount': '0', 'commentCount': '103'}"
"Cosine Similarity, Clearly Explained!!!",e9U0QAFbfLI,"{'viewCount': '38616', 'likeCount': '1665', 'favoriteCount': '0', 'commentCount': '150'}"
Long Short-Term Memory with PyTorch + Lightning,RHGiXPuo_pI,"{'viewCount': '33957', 'likeCount': '785', 'favoriteCount': '0', 'commentCount': '137'}"
"The AI Buzz, Episode #2: Big data, Reinforcement Learning and Aligning Models",1xBB8iAXxds,"{'viewCount': '4921', 'likeCount': '133', 'favoriteCount': '0', 'commentCount': '26'}"
"The AI Buzz, Episode #1: ChatGPT, Transformers and Attention",k3b9Mvtt6lU,"{'viewCount': '19676', 'likeCount': '463', 'favoriteCount': '0', 'commentCount': '58'}"
"Design Matrix Examples in R, Clearly Explained!!!",KiGsuKqaq0Y,"{'viewCount': '9525', 'likeCount': '156', 'favoriteCount': '0', 'commentCount': '39'}"
"Design Matrices For Linear Models, Clearly Explained!!!",LoocDAbgwlM,"{'viewCount': '8247', 'likeCount': '141', 'favoriteCount': '0', 'commentCount': '30'}"
"Using Linear Models for t tests and ANOVA, Clearly Explained!!!",R7xd624pR1A,"{'viewCount': '29058', 'likeCount': '507', 'favoriteCount': '0', 'commentCount': '37'}"
"Multiple Regression in R, Step by Step!!!",mno47Jn4gaU,"{'viewCount': '34965', 'likeCount': '620', 'favoriteCount': '0', 'commentCount': '30'}"
"Multiple Regression, Clearly Explained!!!",EkAQAi3a4js,"{'viewCount': '74854', 'likeCount': '842', 'favoriteCount': '0', 'commentCount': '41'}"
"Linear Regression in R, Step by Step",wsi0jg_gH28,"{'viewCount': '32281', 'likeCount': '715', 'favoriteCount': '0', 'commentCount': '41'}"
"Linear Regression, Clearly Explained!!!",7ArmBVF2dCs,"{'viewCount': '95782', 'likeCount': '1836', 'favoriteCount': '0', 'commentCount': '126'}"
"R-squared, Clearly Explained!!!",bMccdk8EdGo,"{'viewCount': '78932', 'likeCount': '1754', 'favoriteCount': '0', 'commentCount': '141'}"
"Long Short-Term Memory (LSTM), Clearly Explained",YCzL96nL7j0,"{'viewCount': '257726', 'likeCount': '7238', 'favoriteCount': '0', 'commentCount': '795'}"
The Cosine Similarity for NLP and CatBoost,c3xEDTh7Uc8,"{'viewCount': '10270', 'likeCount': '338', 'favoriteCount': '0', 'commentCount': '39'}"
Happy Halloween (Neural Networks Are Not Scary),zxagGtF9MeU,"{'viewCount': '81599', 'likeCount': '1185', 'favoriteCount': '0', 'commentCount': '57'}"
"Handmade Pasta, Clearly Explained!!!",K8ykIS1x_qQ,"{'viewCount': '8470', 'likeCount': '391', 'favoriteCount': '0', 'commentCount': '74'}"
Live Stream - More details about Target Encoding/AMA/Silly Songs,EzjtTh-WUWY,"{'viewCount': '6145', 'likeCount': '181', 'favoriteCount': '0', 'commentCount': '36'}"
Live Stream - Target Encoding/AMA/Silly Songs!!!,Za9wm6HWkvo,"{'viewCount': '8109', 'likeCount': '216', 'favoriteCount': '0', 'commentCount': '40'}"
StatQuest with Josh Starmer Live Stream,BgxBEKhaqyQ,"{'viewCount': '0', 'likeCount': '0', 'favoriteCount': '0', 'commentCount': '0'}"
Introduction to Coding Neural Networks with PyTorch and Lightning,khMzi6xPbuM,"{'viewCount': '42179', 'likeCount': '1116', 'favoriteCount': '0', 'commentCount': '155'}"
Three more lessons from my Pop!!!,CHOir6-ZpkE,"{'viewCount': '10299', 'likeCount': '452', 'favoriteCount': '0', 'commentCount': '77'}"
"Recurrent Neural Networks (RNNs), Clearly Explained!!!",AsNTP8Kwu80,"{'viewCount': '267938', 'likeCount': '7261', 'favoriteCount': '0', 'commentCount': '519'}"
"The StatQuest Illustrated Guide To Machine Learning, Theme Song!!!",80-Wpwf1_dg,"{'viewCount': '27949', 'likeCount': '865', 'favoriteCount': '0', 'commentCount': '247'}"
The StatQuest Introduction to PyTorch,FHdlXe1bSe4,"{'viewCount': '111148', 'likeCount': '3239', 'favoriteCount': '0', 'commentCount': '306'}"
"Troll 2, Clearly Explained!!!",W4sYsXGeCls,"{'viewCount': '14154', 'likeCount': '470', 'favoriteCount': '0', 'commentCount': '83'}"
The Binomial Distribution in 30 Seconds!!!,aH3mZjHkAbs,"{'viewCount': '27828', 'likeCount': '1263', 'favoriteCount': '0', 'commentCount': '91'}"
UMAP: Mathematical Details (clearly explained!!!),jth4kEvJ3P8,"{'viewCount': '27945', 'likeCount': '647', 'favoriteCount': '0', 'commentCount': '77'}"
"UMAP Dimension Reduction, Main Ideas!!!",eN0wFzBA4Sc,"{'viewCount': '75364', 'likeCount': '2128', 'favoriteCount': '0', 'commentCount': '142'}"
"Tensors for Neural Networks, Clearly Explained!!!",L35fFDpwIM4,"{'viewCount': '121242', 'likeCount': '4133', 'favoriteCount': '0', 'commentCount': '240'}"
"The Sensitivity, Specificity, Precision, Recall Sing-a-Long!!!",PWvfrTgaPBI,"{'viewCount': '47702', 'likeCount': '1937', 'favoriteCount': '0', 'commentCount': '122'}"
The Exponential Distribution,wtLQUjfomig,"{'viewCount': '48195', 'likeCount': '1481', 'favoriteCount': '0', 'commentCount': '131'}"
"The mean, the median, and the mode.",-14BImgVENA,"{'viewCount': '36779', 'likeCount': '889', 'favoriteCount': '0', 'commentCount': '47'}"
"Clustering with DBSCAN, Clearly Explained!!!",RDZUdRSDOok,"{'viewCount': '186202', 'likeCount': '6291', 'favoriteCount': '0', 'commentCount': '334'}"
Frank Starmer Clearly Explained (How my pop influenced StatQuest!!!),6fWk_lQ_K5A,"{'viewCount': '28056', 'likeCount': '1482', 'favoriteCount': '0', 'commentCount': '225'}"
Entropy (for data science) Clearly Explained!!!,YtebGVx-Fxw,"{'viewCount': '464168', 'likeCount': '15017', 'favoriteCount': '0', 'commentCount': '1103'}"
"Bayes' Theorem, Clearly Explained!!!!",9wCnvr7Xw4E,"{'viewCount': '250255', 'likeCount': '5602', 'favoriteCount': '0', 'commentCount': '371'}"
"Conditional Probabilities, Clearly Explained!!!",_IgyaD7vOOA,"{'viewCount': '136148', 'likeCount': '4270', 'favoriteCount': '0', 'commentCount': '316'}"
Using Bootstrapping to Calculate p-values!!!,N4ZQQqyIf6k,"{'viewCount': '81897', 'likeCount': '2204', 'favoriteCount': '0', 'commentCount': '185'}"
Bootstrapping Main Ideas!!!,Xz0x-8-cgaQ,"{'viewCount': '345473', 'likeCount': '10175', 'favoriteCount': '0', 'commentCount': '542'}"
Ken Jee's #66DaysOfData Challenge Clearly Explained!!!,aOOaGLa8s4c,"{'viewCount': '16197', 'likeCount': '586', 'favoriteCount': '0', 'commentCount': '71'}"
Expected Values for Continuous Variables!!!,OSPr6G6Ka-U,"{'viewCount': '57135', 'likeCount': '1635', 'favoriteCount': '0', 'commentCount': '128'}"
Three (3) things to do when starting out in Data Science,ilUbD7EoQnk,"{'viewCount': '51793', 'likeCount': '1978', 'favoriteCount': '0', 'commentCount': '161'}"
How to make your own StatQuest!!!,crLXJG-EAhk,"{'viewCount': '13857', 'likeCount': '892', 'favoriteCount': '0', 'commentCount': '164'}"
"Decision and Classification Trees, Clearly Explained!!!",_L39rN6gz7Y,"{'viewCount': '460012', 'likeCount': '10358', 'favoriteCount': '0', 'commentCount': '608'}"
"Silly Songs, Clearly Explained!!!",Llqoz1u8Pfk,"{'viewCount': '12418', 'likeCount': '708', 'favoriteCount': '0', 'commentCount': '115'}"
"Expected Values, Main Ideas!!!",KLs_7b7SKi4,"{'viewCount': '131534', 'likeCount': '4608', 'favoriteCount': '0', 'commentCount': '336'}"
Neural Networks Part 8: Image Classification with Convolutional Neural Networks (CNNs),HGwBXDKFk9I,"{'viewCount': '147363', 'likeCount': '4937', 'favoriteCount': '0', 'commentCount': '653'}"
Neural Networks Part 7: Cross Entropy Derivatives and Backpropagation,xBEh66V9gZo,"{'viewCount': '87908', 'likeCount': '2213', 'favoriteCount': '0', 'commentCount': '248'}"
Neural Networks Part 6: Cross Entropy,6ArSys5qHAU,"{'viewCount': '158704', 'likeCount': '4312', 'favoriteCount': '0', 'commentCount': '220'}"
"The SoftMax Derivative, Step-by-Step!!!",M59JElEPgIg,"{'viewCount': '53053', 'likeCount': '1294', 'favoriteCount': '0', 'commentCount': '80'}"
Neural Networks Part 5: ArgMax and SoftMax,KpKog-L9veg,"{'viewCount': '104247', 'likeCount': '3079', 'favoriteCount': '0', 'commentCount': '203'}"
Neural Networks Pt. 4: Multiple Inputs and Outputs,83LYR-1IcjA,"{'viewCount': '118951', 'likeCount': '3154', 'favoriteCount': '0', 'commentCount': '220'}"
US Census Data and Contest!!!,0nK6iPpqNPU,"{'viewCount': '13715', 'likeCount': '256', 'favoriteCount': '0', 'commentCount': '54'}"
Neural Networks Pt. 3: ReLU In Action!!!,68BZ5f7P94E,"{'viewCount': '182448', 'likeCount': '4408', 'favoriteCount': '0', 'commentCount': '252'}"
Backpropagation Details Pt. 2: Going bonkers with The Chain Rule,GKZoOHXGcLo,"{'viewCount': '89388', 'likeCount': '2951', 'favoriteCount': '0', 'commentCount': '418'}"
Backpropagation Details Pt. 1: Optimizing 3 parameters simultaneously.,iyn2zdALii8,"{'viewCount': '136943', 'likeCount': '3385', 'favoriteCount': '0', 'commentCount': '217'}"
Neural Networks Pt. 2: Backpropagation Main Ideas,IN2XmBhILt4,"{'viewCount': '356261', 'likeCount': '7755', 'favoriteCount': '0', 'commentCount': '472'}"
What is AutoML? A conversation with Gnosis Data Analysis,SEwxvjfxxmE,"{'viewCount': '31237', 'likeCount': '888', 'favoriteCount': '0', 'commentCount': '92'}"
Neural Networks Pt. 1: Inside the Black Box,CqOfi41LfDw,"{'viewCount': '658312', 'likeCount': '18338', 'favoriteCount': '0', 'commentCount': '1699'}"
XGBoost in Python from Start to Finish,GrJP9FLV3FE,"{'viewCount': '185885', 'likeCount': '5347', 'favoriteCount': '0', 'commentCount': '662'}"
The Elements of StatQuest (Webinar),Y5tyrAxhmUc,"{'viewCount': '8529', 'likeCount': '365', 'favoriteCount': '0', 'commentCount': '100'}"
The Chain Rule,wl1myxrtQHQ,"{'viewCount': '167552', 'likeCount': '4750', 'favoriteCount': '0', 'commentCount': '397'}"
"Hypothesis Testing and The Null Hypothesis, Clearly Explained!!!",0oc49DyA3hU,"{'viewCount': '394060', 'likeCount': '8739', 'favoriteCount': '0', 'commentCount': '415'}"
Alternative Hypotheses: Main Ideas!!!,5koKb5B_YWo,"{'viewCount': '118857', 'likeCount': '3271', 'favoriteCount': '0', 'commentCount': '139'}"
Support Vector Machines in Python from Start to Finish.,8A7L0GsBiLQ,"{'viewCount': '114264', 'likeCount': '3268', 'favoriteCount': '0', 'commentCount': '352'}"
"Live 2020-06-15!!! Bootstrapping, Main Ideas",isEcgoCmlO0,"{'viewCount': '32764', 'likeCount': '1345', 'favoriteCount': '0', 'commentCount': '206'}"
Classification Trees in Python from Start to Finish,q90UDEgYqeI,"{'viewCount': '165074', 'likeCount': '3777', 'favoriteCount': '0', 'commentCount': '547'}"
"Gaussian Naive Bayes, Clearly Explained!!!",H3EjCKtlVog,"{'viewCount': '268075', 'likeCount': '6440', 'favoriteCount': '0', 'commentCount': '427'}"
"Naive Bayes, Clearly Explained!!!",O2L2Uv9pdDA,"{'viewCount': '826203', 'likeCount': '22588', 'favoriteCount': '0', 'commentCount': '1421'}"
Live 2020-06-01!!! Hypothesis Testing,hGoTUyBnbxg,"{'viewCount': '16762', 'likeCount': '736', 'favoriteCount': '0', 'commentCount': '105'}"
"Ridge vs Lasso Regression, Visualized!!!",Xm2C_gTAl8c,"{'viewCount': '193786', 'likeCount': '4880', 'favoriteCount': '0', 'commentCount': '377'}"
Live 2020-05-18!!! Bayes' Theorem,ONCOkccpk3w,"{'viewCount': '24481', 'likeCount': '882', 'favoriteCount': '0', 'commentCount': '109'}"
Live 2020-05-04!!! Conditional Probability,iiN_J9S0KLM,"{'viewCount': '12477', 'likeCount': '401', 'favoriteCount': '0', 'commentCount': '92'}"
"Statistical Power, Clearly Explained!!!",Rsc5znwR5FA,"{'viewCount': '231588', 'likeCount': '5575', 'favoriteCount': '0', 'commentCount': '283'}"
"Power Analysis, Clearly Explained!!!",VX_M3tIyiYk,"{'viewCount': '247814', 'likeCount': '5225', 'favoriteCount': '0', 'commentCount': '396'}"
p-hacking: What it is and how to avoid it!,HDCOUXE3HMM,"{'viewCount': '112632', 'likeCount': '3291', 'favoriteCount': '0', 'commentCount': '250'}"
Live 2020-04-20!!! Expected Values,fU2PuYKsr6M,"{'viewCount': '20348', 'likeCount': '880', 'favoriteCount': '0', 'commentCount': '155'}"
Live 2020-04-06!!! Naive Bayes: Gaussian,uHK1-Q8cKAw,"{'viewCount': '17080', 'likeCount': '607', 'favoriteCount': '0', 'commentCount': '117'}"
Bam!!! Clearly Explained!!!,i4iUvjsGCMc,"{'viewCount': '50533', 'likeCount': '3125', 'favoriteCount': '0', 'commentCount': '490'}"
How to calculate p-values,JQc3yx0-Q9E,"{'viewCount': '335132', 'likeCount': '8555', 'favoriteCount': '0', 'commentCount': '699'}"
p-values: What they are and how to interpret them,vemZtEM63GY,"{'viewCount': '917940', 'likeCount': '21080', 'favoriteCount': '0', 'commentCount': '901'}"
Live 2020-03-16!!! Naive Bayes,bTs-QA2oJSE,"{'viewCount': '27466', 'likeCount': '1198', 'favoriteCount': '0', 'commentCount': '188'}"
Live 2020-03-02!!! Virus Models and p-hacking,8ECts3BErqk,"{'viewCount': '5787', 'likeCount': '269', 'favoriteCount': '0', 'commentCount': '44'}"
XGBoost Part 4 (of 4): Crazy Cool Optimizations,oRrKeUCEbq8,"{'viewCount': '75386', 'likeCount': '1832', 'favoriteCount': '0', 'commentCount': '195'}"
Live 2020-02-17!!! Imbalanced Data and Post-Hoc Tests,iTxzRVLoTQ0,"{'viewCount': '14612', 'likeCount': '588', 'favoriteCount': '0', 'commentCount': '85'}"
XGBoost Part 3 (of 4): Mathematical Details,ZVFeW798-2I,"{'viewCount': '102879', 'likeCount': '1687', 'favoriteCount': '0', 'commentCount': '269'}"
"Live 2020-02-03!!! Statistical Models, Regularization, Best ML Algorithm.",BKnM0MCGbVc,"{'viewCount': '10574', 'likeCount': '884', 'favoriteCount': '0', 'commentCount': '89'}"
"Live 2020-01-20!!! Favorite ML, Data Leakage, How to Learn ML",pSWRT9pObX0,"{'viewCount': '10781', 'likeCount': '495', 'favoriteCount': '0', 'commentCount': '82'}"
StatQuest: Random Forests Part 2: Missing data and clustering,sQ870aTKqiM,"{'viewCount': '187318', 'likeCount': '4384', 'favoriteCount': '0', 'commentCount': '396'}"
XGBoost Part 2 (of 4): Classification,8b1JEDvenQU,"{'viewCount': '185565', 'likeCount': '2907', 'favoriteCount': '0', 'commentCount': '384'}"
"Live 2020-01-06!!! Sample Sizes, ML vs Statistics and a Poem",jaXexgj2ONQ,"{'viewCount': '8357', 'likeCount': '527', 'favoriteCount': '0', 'commentCount': '153'}"
XGBoost Part 1 (of 4): Regression,OtD8wVaFm6E,"{'viewCount': '507817', 'likeCount': '7312', 'favoriteCount': '0', 'commentCount': '746'}"
Machine Learning Fundamentals: Sensitivity and Specificity,vP06aMoz4v8,"{'viewCount': '274930', 'likeCount': '6246', 'favoriteCount': '0', 'commentCount': '304'}"
"How to Prune Regression Trees, Clearly Explained!!!",D0efHEJsfHo,"{'viewCount': '179916', 'likeCount': '3892', 'favoriteCount': '0', 'commentCount': '471'}"
Support Vector Machines Part 3: The Radial (RBF) Kernel (Part 3 of 3),Qc5IyLW_hns,"{'viewCount': '221905', 'likeCount': '6047', 'favoriteCount': '0', 'commentCount': '530'}"
Support Vector Machines Part 2: The Polynomial Kernel (Part 2 of 3),Toet3EiSFcM,"{'viewCount': '277013', 'likeCount': '5835', 'favoriteCount': '0', 'commentCount': '402'}"
Support Vector Machines Part 1 (of 3): Main Ideas!!!,efR1C6CvhmE,"{'viewCount': '1128174', 'likeCount': '28231', 'favoriteCount': '0', 'commentCount': '1932'}"
"Regression Trees, Clearly Explained!!!",g9c66TUylZ4,"{'viewCount': '514352', 'likeCount': '12614', 'favoriteCount': '0', 'commentCount': '1154'}"
"Pearson's Correlation, Clearly Explained!!!",xZ_z8KWkhXE,"{'viewCount': '316754', 'likeCount': '7603', 'favoriteCount': '0', 'commentCount': '551'}"
"Covariance, Clearly Explained!!!",qtaqvPAeEJY,"{'viewCount': '470570', 'likeCount': '11334', 'favoriteCount': '0', 'commentCount': '716'}"
"Calculating the Mean, Variance and Standard Deviation, Clearly Explained!!!",SzZ6GpcfoQY,"{'viewCount': '375316', 'likeCount': '9145', 'favoriteCount': '0', 'commentCount': '524'}"
Why Dividing By N Underestimates the Variance,sHRBg6BhKjI,"{'viewCount': '110529', 'likeCount': '3786', 'favoriteCount': '0', 'commentCount': '564'}"
"ROC and AUC, Clearly Explained!",4jRBRDbJemM,"{'viewCount': '1254925', 'likeCount': '30893', 'favoriteCount': '0', 'commentCount': '1877'}"
"Population and Estimated Parameters, Clearly Explained!!!",vikkiwjQqfU,"{'viewCount': '259090', 'likeCount': '5548', 'favoriteCount': '0', 'commentCount': '269'}"
"Stochastic Gradient Descent, Clearly Explained!!!",vMh0zPT0tLI,"{'viewCount': '382068', 'likeCount': '9283', 'favoriteCount': '0', 'commentCount': '516'}"
Gradient Boost Part 4 (of 4): Classification Details,StWY5QWMXCw,"{'viewCount': '108369', 'likeCount': '2174', 'favoriteCount': '0', 'commentCount': '470'}"
Gradient Boost Part 3 (of 4): Classification,jxuNLH5dXCs,"{'viewCount': '221597', 'likeCount': '4329', 'favoriteCount': '0', 'commentCount': '481'}"
Saturday,HUzQIZLQxA0,"{'viewCount': '24126', 'likeCount': '896', 'favoriteCount': '0', 'commentCount': '108'}"
Gradient Boost Part 2 (of 4): Regression Details,2xudPOBz-vs,"{'viewCount': '244216', 'likeCount': '5610', 'favoriteCount': '0', 'commentCount': '825'}"
Gradient Boost Part 1 (of 4): Regression Main Ideas,3CC4N4z3GJc,"{'viewCount': '670092', 'likeCount': '10833', 'favoriteCount': '0', 'commentCount': '801'}"
Last Night,xOOrxD92Wt4,"{'viewCount': '8776', 'likeCount': '346', 'favoriteCount': '0', 'commentCount': '61'}"
"Gradient Descent, Step-by-Step",sDv4f4s2SB8,"{'viewCount': '1066064', 'likeCount': '27687', 'favoriteCount': '0', 'commentCount': '2429'}"
A Drink From The Well,Dr2aj85tcUI,"{'viewCount': '8028', 'likeCount': '237', 'favoriteCount': '0', 'commentCount': '51'}"
"AdaBoost, Clearly Explained",LsK-xG1cLYA,"{'viewCount': '631786', 'likeCount': '13387', 'favoriteCount': '0', 'commentCount': '1640'}"
"Design Matrices For Linear Models, Clearly Explained!!!",CqLGvwi-5Pc,"{'viewCount': '111592', 'likeCount': '1888', 'favoriteCount': '0', 'commentCount': '185'}"
Wildest Dreams,F7Gqjbg3bWI,"{'viewCount': '7076', 'likeCount': '278', 'favoriteCount': '0', 'commentCount': '85'}"
ROC and AUC in R,qcvAqAH60Yw,"{'viewCount': '223954', 'likeCount': '3174', 'favoriteCount': '0', 'commentCount': '345'}"
Christmas Morning,Rvm1aMwcraY,"{'viewCount': '4524', 'likeCount': '156', 'favoriteCount': '0', 'commentCount': '39'}"
A Gentle Introduction to Machine Learning,Gv9_4yMHFhI,"{'viewCount': '805842', 'likeCount': '13214', 'favoriteCount': '0', 'commentCount': '775'}"
You Mean So Much,hRdBqO4FFDs,"{'viewCount': '6635', 'likeCount': '142', 'favoriteCount': '0', 'commentCount': '40'}"
Machine Learning Fundamentals: The Confusion Matrix,Kdsp6soqA7o,"{'viewCount': '548102', 'likeCount': '13205', 'favoriteCount': '0', 'commentCount': '618'}"
"Ridge, Lasso and Elastic-Net Regression in R",ctmNq7FgbvI,"{'viewCount': '112794', 'likeCount': '2013', 'favoriteCount': '0', 'commentCount': '277'}"
Regularization Part 3: Elastic Net Regression,1dKRdX9bfIo,"{'viewCount': '176065', 'likeCount': '3981', 'favoriteCount': '0', 'commentCount': '327'}"
Regularization Part 2: Lasso (L1) Regression,NGf0voTMlcs,"{'viewCount': '481836', 'likeCount': '9431', 'favoriteCount': '0', 'commentCount': '617'}"
Little Red Fiat,G9POY1cHn50,"{'viewCount': '4295', 'likeCount': '120', 'favoriteCount': '0', 'commentCount': '24'}"
Regularization Part 1: Ridge (L2) Regression,Q81RR3yKn30,"{'viewCount': '905975', 'likeCount': '16741', 'favoriteCount': '0', 'commentCount': '1388'}"
Machine Learning Fundamentals: Bias and Variance,EuBBz3bI-aA,"{'viewCount': '1091470', 'likeCount': '31385', 'favoriteCount': '0', 'commentCount': '1322'}"
"Maximum Likelihood For the Normal Distribution, step-by-step!!!",Dn6b9fCIUpM,"{'viewCount': '483361', 'likeCount': '13467', 'favoriteCount': '0', 'commentCount': '1300'}"
"The Central Limit Theorem, Clearly Explained!!!",YAlJCEDH2uY,"{'viewCount': '592564', 'likeCount': '16308', 'favoriteCount': '0', 'commentCount': '951'}"
Miss Carolina,OxA6i3iJd7M,"{'viewCount': '3784', 'likeCount': '81', 'favoriteCount': '0', 'commentCount': '21'}"
"Maximum Likelihood for the Binomial Distribution, Clearly Explained!!!",4KKV9yZCoM4,"{'viewCount': '95010', 'likeCount': '1892', 'favoriteCount': '0', 'commentCount': '201'}"
"The Binomial Distribution and Test, Clearly Explained!!!",J8jNoF-K8E8,"{'viewCount': '229747', 'likeCount': '6106', 'favoriteCount': '0', 'commentCount': '502'}"
Happy Days,tjLaxniTPmE,"{'viewCount': '3453', 'likeCount': '107', 'favoriteCount': '0', 'commentCount': '32'}"
"Maximum Likelihood for the Exponential Distribution, Clearly Explained!!!",p3T-_LMrvBc,"{'viewCount': '168112', 'likeCount': '4768', 'favoriteCount': '0', 'commentCount': '345'}"
"Logistic Regression in R, Clearly Explained!!!!",C4N3_XJJ-jU,"{'viewCount': '461872', 'likeCount': '7962', 'favoriteCount': '0', 'commentCount': '622'}"
Deviance Residuals,JC56jS2gVUE,"{'viewCount': '75951', 'likeCount': '1112', 'favoriteCount': '0', 'commentCount': '79'}"
Saturated Models and Deviance,9T0wlKdew6I,"{'viewCount': '95404', 'likeCount': '1646', 'favoriteCount': '0', 'commentCount': '189'}"
joe and sue,EH4-RtVpsy4,"{'viewCount': '2486', 'likeCount': '70', 'favoriteCount': '0', 'commentCount': '12'}"
"Odds Ratios and Log(Odds Ratios), Clearly Explained!!!",8nm0G-1uJzA,"{'viewCount': '295526', 'likeCount': '5545', 'favoriteCount': '0', 'commentCount': '405'}"
Logistic Regression Details Pt 3: R-squared and p-value,xxFYro8QuXA,"{'viewCount': '247798', 'likeCount': '4223', 'favoriteCount': '0', 'commentCount': '271'}"
Logistic Regression Details Pt 2: Maximum Likelihood,BfKanl1aSG0,"{'viewCount': '384500', 'likeCount': '6422', 'favoriteCount': '0', 'commentCount': '768'}"
Logistic Regression Details Pt1: Coefficients,vN5cNN2-HWE,"{'viewCount': '778351', 'likeCount': '12366', 'favoriteCount': '0', 'commentCount': '743'}"
A War That We Can Win,Glr8Qk3OZHc,"{'viewCount': '2666', 'likeCount': '79', 'favoriteCount': '0', 'commentCount': '53'}"
StatQuest: K-means clustering,4b5d3muPQmA,"{'viewCount': '1334987', 'likeCount': '26645', 'favoriteCount': '0', 'commentCount': '1054'}"
"Odds and Log(Odds), Clearly Explained!!!",ARfXDSkQf1Y,"{'viewCount': '304432', 'likeCount': '8921', 'favoriteCount': '0', 'commentCount': '611'}"
Hey Dom,069WKnPyFnw,"{'viewCount': '2957', 'likeCount': '76', 'favoriteCount': '0', 'commentCount': '16'}"
Machine Learning Fundamentals: Cross Validation,fSytzGwwBVw,"{'viewCount': '915483', 'likeCount': '27851', 'favoriteCount': '0', 'commentCount': '1385'}"
StatQuest: A gentle introduction to ChIP-Seq,nkWGmaYRues,"{'viewCount': '133206', 'likeCount': '3767', 'favoriteCount': '0', 'commentCount': '207'}"
"StatQuest: 10,000 Subscriber Milestone",_ft2yqArm-I,"{'viewCount': '1075', 'likeCount': '85', 'favoriteCount': '0', 'commentCount': '36'}"
StatQuest: PCA - Practical Tips,oRvgq966yZg,"{'viewCount': '131773', 'likeCount': '3010', 'favoriteCount': '0', 'commentCount': '162'}"
"StatQuest: Principal Component Analysis (PCA), Step-by-Step",FgakZw6K1QQ,"{'viewCount': '2458410', 'likeCount': '50894', 'favoriteCount': '0', 'commentCount': '4200'}"
Darling of Mine,kLQD8EJmnx8,"{'viewCount': '3643', 'likeCount': '136', 'favoriteCount': '0', 'commentCount': '19'}"
Probability is not Likelihood. Find out why!!!,pYxNSUDSFH4,"{'viewCount': '1104475', 'likeCount': '29629', 'favoriteCount': '0', 'commentCount': '1145'}"
StatQuest: Logistic Regression,yIYKR4sgzI8,"{'viewCount': '1858505', 'likeCount': '33350', 'favoriteCount': '0', 'commentCount': '1099'}"
Sunday Best,nuumjAsHTxk,"{'viewCount': '988', 'likeCount': '21', 'favoriteCount': '0', 'commentCount': '3'}"
StatQuest: Random Forests in R,6EXPYzbfLCE,"{'viewCount': '137091', 'likeCount': '2634', 'favoriteCount': '0', 'commentCount': '382'}"
"StatQuest: Random Forests Part 1 - Building, Using and Evaluating",J4Wdy0Wc_xQ,"{'viewCount': '971252', 'likeCount': '16730', 'favoriteCount': '0', 'commentCount': '1228'}"
Love Song,lrR9odYNNzs,"{'viewCount': '3438', 'likeCount': '88', 'favoriteCount': '0', 'commentCount': '22'}"
"StatQuest: Decision Trees, Part 2 - Feature Selection and Missing Data",wpNl-JwwplA,"{'viewCount': '147634', 'likeCount': '2756', 'favoriteCount': '0', 'commentCount': '154'}"
StatQuest: PCA in Python,Lsue2gEM9D0,"{'viewCount': '180381', 'likeCount': '4238', 'favoriteCount': '0', 'commentCount': '380'}"
She Blinded Me With Science!!!,kGIIJ8rIrfs,"{'viewCount': '5968', 'likeCount': '93', 'favoriteCount': '0', 'commentCount': '11'}"
StatQuest: MDS and PCoA in R,pGAUHhLYp5Q,"{'viewCount': '39300', 'likeCount': '492', 'favoriteCount': '0', 'commentCount': '43'}"
StatQuest: MDS and PCoA,GEn-_dAyYME,"{'viewCount': '163239', 'likeCount': '2982', 'favoriteCount': '0', 'commentCount': '173'}"
StatQuest: PCA main ideas in only 5 minutes!!!,HMOI_lkzW08,"{'viewCount': '1071657', 'likeCount': '22180', 'favoriteCount': '0', 'commentCount': '673'}"
Snow,adx4fsdwpfM,"{'viewCount': '997', 'likeCount': '43', 'favoriteCount': '0', 'commentCount': '10'}"
StatQuest: PCA in R,0Jp4gsfOLMs,"{'viewCount': '251905', 'likeCount': '3849', 'favoriteCount': '0', 'commentCount': '330'}"
"Quantile Normalization, Clearly Explained!!!",ecjN6Xpv6SE,"{'viewCount': '62497', 'likeCount': '1503', 'favoriteCount': '0', 'commentCount': '105'}"
"Quantile-Quantile Plots (QQ plots), Clearly Explained!!!",okjYjClSjOg,"{'viewCount': '445831', 'likeCount': '7422', 'favoriteCount': '0', 'commentCount': '435'}"
"Quantiles and Percentiles, Clearly Explained!!!",IFKQLDmRK0Y,"{'viewCount': '279487', 'likeCount': '5442', 'favoriteCount': '0', 'commentCount': '240'}"
A Song For Only You,Lg0okx38rOQ,"{'viewCount': '918', 'likeCount': '34', 'favoriteCount': '0', 'commentCount': '7'}"
"Multiple Regression in R, Step-by-Step!!!",hokALdIst8k,"{'viewCount': '160205', 'likeCount': '2930', 'favoriteCount': '0', 'commentCount': '203'}"
"Multiple Regression, Clearly Explained!!!",zITIFTsivN8,"{'viewCount': '491184', 'likeCount': '5613', 'favoriteCount': '0', 'commentCount': '193'}"
"Sample Size and Effective Sample Size, Clearly Explained!!!",67zCIqdeXpo,"{'viewCount': '98792', 'likeCount': '1471', 'favoriteCount': '0', 'commentCount': '70'}"
The Difference Between Technical and Biological Replicates,Exk0OoRG0PQ,"{'viewCount': '57182', 'likeCount': '1181', 'favoriteCount': '0', 'commentCount': '63'}"
"The Normal Distribution, Clearly Explained!!!",rzFX5NWojp0,"{'viewCount': '1059742', 'likeCount': '20133', 'favoriteCount': '0', 'commentCount': '613'}"
"Design Matrix Examples in R, Clearly Explained!!!",Hrr2anyK_5s,"{'viewCount': '44663', 'likeCount': '714', 'favoriteCount': '0', 'commentCount': '74'}"
Employee Of The Week,Odt_r4cAD8A,"{'viewCount': '1911', 'likeCount': '38', 'favoriteCount': '0', 'commentCount': '6'}"
"StatQuest: Histograms, Clearly Explained",qBigTkBLU6g,"{'viewCount': '547249', 'likeCount': '9336', 'favoriteCount': '0', 'commentCount': '281'}"
"StatQuest: t-SNE, Clearly Explained",NEaUSP4YerM,"{'viewCount': '401073', 'likeCount': '9938', 'favoriteCount': '0', 'commentCount': '713'}"
I'm Alive,arSkMA2uLFU,"{'viewCount': '1753', 'likeCount': '57', 'favoriteCount': '0', 'commentCount': '9'}"
StatQuest: A gentle introduction to RNA-seq,tlf6wYJrwKY,"{'viewCount': '448557', 'likeCount': '10013', 'favoriteCount': '0', 'commentCount': '519'}"
StatQuest: How to make a Mean Pizza Crust!!!,01205ys-GtI,"{'viewCount': '7432', 'likeCount': '278', 'favoriteCount': '0', 'commentCount': '42'}"
"Using Linear Models for t-tests and ANOVA, Clearly Explained!!!",NF5_btOaCig,"{'viewCount': '366106', 'likeCount': '5441', 'favoriteCount': '0', 'commentCount': '366'}"
Brothers,UY8iYbxuzjc,"{'viewCount': '769', 'likeCount': '20', 'favoriteCount': '0', 'commentCount': '6'}"
"Maximum Likelihood, clearly explained!!!",XepXtl9YKwc,"{'viewCount': '1216140', 'likeCount': '25681', 'favoriteCount': '0', 'commentCount': '1181'}"
"Linear Regression in R, Step-by-Step",u1cc1r_Y7M0,"{'viewCount': '210408', 'likeCount': '4067', 'favoriteCount': '0', 'commentCount': '234'}"
"Linear Regression, Clearly Explained!!!",nk2CQITm_eo,"{'viewCount': '1200434', 'likeCount': '20804', 'favoriteCount': '0', 'commentCount': '1492'}"
What is a (mathematical) model?,yQhTtdq_y9M,"{'viewCount': '175041', 'likeCount': '3450', 'favoriteCount': '0', 'commentCount': '87'}"
Boxplots are Awesome!!!,fHLhBnmwUM0,"{'viewCount': '125250', 'likeCount': '2428', 'favoriteCount': '0', 'commentCount': '93'}"
Your Dark Side,FKM7hZKYEqw,"{'viewCount': '964', 'likeCount': '34', 'favoriteCount': '0', 'commentCount': '4'}"
"StatQuest: K-nearest neighbors, Clearly Explained",HVXime0nQeI,"{'viewCount': '502707', 'likeCount': '9588', 'favoriteCount': '0', 'commentCount': '403'}"
StatQuest: Hierarchical Clustering,7xHsRkOdVwo,"{'viewCount': '358954', 'likeCount': '7601', 'favoriteCount': '0', 'commentCount': '330'}"
"Lowess and Loess, Clearly Explained!!!",Vf7oJ6z2LCc,"{'viewCount': '109744', 'likeCount': '2387', 'favoriteCount': '0', 'commentCount': '181'}"
The Sum of Regrets,BXeZgqXAKAU,"{'viewCount': '798', 'likeCount': '29', 'favoriteCount': '0', 'commentCount': '15'}"
The Main Ideas of Fitting a Line to Data (The Main Ideas of Least Squares and Linear Regression.),PaFPbb66DxQ,"{'viewCount': '533389', 'likeCount': '9774', 'favoriteCount': '0', 'commentCount': '600'}"
"StatQuest: edgeR and DESeq2, part 2 - Independent Filtering",Gi0JdrxRq5s,"{'viewCount': '45302', 'likeCount': '599', 'favoriteCount': '0', 'commentCount': '47'}"
"Sampling from a Distribution, Clearly Explained!!!",XLCWeSVzHUU,"{'viewCount': '186568', 'likeCount': '3051', 'favoriteCount': '0', 'commentCount': '99'}"
Evil Genius,TGvLteZCdAc,"{'viewCount': '1432', 'likeCount': '33', 'favoriteCount': '0', 'commentCount': '6'}"
StatQuest:  One or Two Tailed P-Values,bsZGt-caXO4,"{'viewCount': '49083', 'likeCount': '909', 'favoriteCount': '0', 'commentCount': '52'}"
The Main Ideas behind Probability Distributions,oI3hZJqXJuc,"{'viewCount': '339112', 'likeCount': '6479', 'favoriteCount': '0', 'commentCount': '209'}"
"StatQuest: edgeR, part 1, Library Normalization",Wdt6jdi-NQo,"{'viewCount': '37273', 'likeCount': '593', 'favoriteCount': '0', 'commentCount': '60'}"
The Rainbow,Mgm-T-dILAQ,"{'viewCount': '856', 'likeCount': '28', 'favoriteCount': '0', 'commentCount': '7'}"
"StatQuest: DESeq2, part 1, Library Normalization",UFB993xufUU,"{'viewCount': '89742', 'likeCount': '1444', 'favoriteCount': '0', 'commentCount': '143'}"
"Standard Deviation vs Standard Error, Clearly Explained!!!",A82brFpdr9g,"{'viewCount': '418100', 'likeCount': '8512', 'favoriteCount': '0', 'commentCount': '412'}"
Fisher's Exact Test and the Hypergeometric Distribution,udyAvvaMjfM,"{'viewCount': '92450', 'likeCount': '1340', 'favoriteCount': '0', 'commentCount': '105'}"
StatQuickie: Which t test to use,nnBJeb_I-q8,"{'viewCount': '43821', 'likeCount': '1094', 'favoriteCount': '0', 'commentCount': '75'}"
Mr  Hattie,aVvTVYi5vBk,"{'viewCount': '820', 'likeCount': '28', 'favoriteCount': '0', 'commentCount': '7'}"
Bar Charts Are Better than Pie Charts,RiEZ_hEf96A,"{'viewCount': '28885', 'likeCount': '692', 'favoriteCount': '0', 'commentCount': '32'}"
"Logs (logarithms), Clearly Explained!!!",VSi0Z04fWj0,"{'viewCount': '116266', 'likeCount': '3115', 'favoriteCount': '0', 'commentCount': '250'}"
StatQuickie: Thresholds for Significance,KEofcJ1tfkI,"{'viewCount': '30062', 'likeCount': '677', 'favoriteCount': '0', 'commentCount': '56'}"
A New Song,zXEvFLj2880,"{'viewCount': '785', 'likeCount': '25', 'favoriteCount': '0', 'commentCount': '6'}"
"False Discovery Rates, FDR, clearly explained",K8LQSvtjcEo,"{'viewCount': '180662', 'likeCount': '3906', 'favoriteCount': '0', 'commentCount': '404'}"
Psycho Killer,MIgCbrNJyGo,"{'viewCount': '1499', 'likeCount': '48', 'favoriteCount': '0', 'commentCount': '14'}"
The Coldest Day of the Year,68e5i5D8qYU,"{'viewCount': '749', 'likeCount': '13', 'favoriteCount': '0', 'commentCount': '3'}"
I Love You,DyaQp6Cz8RA,"{'viewCount': '1405', 'likeCount': '37', 'favoriteCount': '0', 'commentCount': '11'}"
p-hacking and power calculations,UFhJefdVCjE,"{'viewCount': '42082', 'likeCount': '954', 'favoriteCount': '0', 'commentCount': '70'}"
Roses,Rblav_ehMTE,"{'viewCount': '397', 'likeCount': '12', 'favoriteCount': '0', 'commentCount': '7'}"
Nasty Weather,G-9USywzN3E,"{'viewCount': '773', 'likeCount': '14', 'favoriteCount': '0', 'commentCount': '4'}"
Maybe It'll Go Away,R6ALolnItXg,"{'viewCount': '1182', 'likeCount': '16', 'favoriteCount': '0', 'commentCount': '4'}"
StatQuest: Linear Discriminant Analysis (LDA) clearly explained.,azXCzI57Yfc,"{'viewCount': '649191', 'likeCount': '11411', 'favoriteCount': '0', 'commentCount': '843'}"
Another Day,xXqa7sVypYI,"{'viewCount': '448', 'likeCount': '8', 'favoriteCount': '0', 'commentCount': '1'}"
Say Your Goodbyes,cKdUdPAVyOU,"{'viewCount': '1244', 'likeCount': '23', 'favoriteCount': '0', 'commentCount': '5'}"
Deal With It,-tibALm6VEI,"{'viewCount': '1203', 'likeCount': '11', 'favoriteCount': '0', 'commentCount': '4'}"
Rachel's Song (the ballad of Hazel Motes),WkjBXrX1Q2k,"{'viewCount': '837', 'likeCount': '23', 'favoriteCount': '0', 'commentCount': '2'}"
Drawing and Interpreting Heatmaps,oMtDyOn2TCc,"{'viewCount': '125700', 'likeCount': '2127', 'favoriteCount': '0', 'commentCount': '125'}"
Christmas In Rio! (now on iTunes!),K2QWmW6LKmg,"{'viewCount': '15213', 'likeCount': '43', 'favoriteCount': '0', 'commentCount': '8'}"
That's Alright,TCrC8Vdv1_4,"{'viewCount': '8701', 'likeCount': '285', 'favoriteCount': '0', 'commentCount': '64'}"
StatQuest: RNA-seq - the problem with technical replicates,gKnfP2_Xdpo,"{'viewCount': '12334', 'likeCount': '239', 'favoriteCount': '0', 'commentCount': '30'}"
Principal Component Analysis (PCA) clearly explained (2015),_UVHneBUBW0,"{'viewCount': '969226', 'likeCount': '13982', 'favoriteCount': '0', 'commentCount': '1079'}"
"RPKM, FPKM and TPM, Clearly Explained!!!",TTUrtCY2k-w,"{'viewCount': '187116', 'likeCount': '1995', 'favoriteCount': '0', 'commentCount': '158'}"
"Confidence Intervals, Clearly Explained!!!",TqOeMYtOc1w,"{'viewCount': '278132', 'likeCount': '5559', 'favoriteCount': '0', 'commentCount': '308'}"
How to puree garlic,O33LgXNk87g,"{'viewCount': '26441', 'likeCount': '206', 'favoriteCount': '0', 'commentCount': '37'}"
That Dude (in the movies),zB7CCWQbkWs,"{'viewCount': '1906', 'likeCount': '85', 'favoriteCount': '0', 'commentCount': '18'}"
"The standard error, Clearly Explained!!!",XNgt7F6FqDU,"{'viewCount': '190550', 'likeCount': '3979', 'favoriteCount': '0', 'commentCount': '234'}"
Wrapping up dumplings for pot stickers.,fglJIFv08hs,"{'viewCount': '8556', 'likeCount': '100', 'favoriteCount': '0', 'commentCount': '15'}"
"R-squared, Clearly Explained!!!",2AQKmw14mHM,"{'viewCount': '541114', 'likeCount': '11781', 'favoriteCount': '0', 'commentCount': '702'}"
onion-dice,Sn-keVh_ERw,"{'viewCount': '10198', 'likeCount': '127', 'favoriteCount': '0', 'commentCount': '31'}"
Cutting Butter,yMYcH8-OfJk,"{'viewCount': '16685', 'likeCount': '195', 'favoriteCount': '0', 'commentCount': '65'}"
